{"cameraMode":{"drawMode":0,"name":"Shaded","section":"Shading Mode"},"sceneLighting":false,"audioPlay":false,"sceneViewState":{"m_AlwaysRefresh":false,"showFog":true,"showSkybox":false,"showFlares":true,"showImageEffects":true,"showParticleSystems":true,"showVisualEffectGraphs":true,"m_FxEnabled":true},"in2DMode":false,"pivot":{"x":-2.695598840713501,"y":-3.8924012184143068,"z":1.9718360900878907},"rotation":{"x":0.06746334582567215,"y":0.7095373868942261,"z":-0.06852948665618897,"w":0.6981433629989624},"size":0.31600186228752139,"orthographic":false}