{"cameraMode":{"drawMode":0,"name":"Shaded","section":"Shading Mode"},"sceneLighting":false,"audioPlay":false,"sceneViewState":{"m_AlwaysRefresh":false,"showFog":true,"showSkybox":false,"showFlares":true,"showImageEffects":true,"showParticleSystems":true,"showVisualEffectGraphs":true,"m_FxEnabled":true},"in2DMode":false,"pivot":{"x":0.4070625305175781,"y":0.49595195055007937,"z":9.363859176635743},"rotation":{"x":-0.10346145182847977,"y":0.15862299501895905,"z":-0.016762908548116685,"w":-0.981813371181488},"size":3.68491268157959,"orthographic":false}